Feature,Cramér's V
wealth_index,0.2444105670734918
province,0.17602551477701325
mother_education,0.136005891698118
child_age,0.08319375832609735
diarrhoea_last_2_weeks,0.06256878034781808
area,0.05215424388493751
fever_last_2_weeks,0.03382747866062263
ever_breastfed,0.019034005467591365
health_insurance,0.013053185192725542
child_sex,0.011569339891721405
