Strategy,K,Features,CV_F1_Mean,CV_F1_Std
Top 10,10,"mother education, wealth index, Gandaki...",0.6177440995397683,0.07110246426419009
Boruta Confirmed,16,"mother education, wealth index, Gandaki...",0.6099994328923072,0.07486592811567185
Boruta Conf+Tent,17,"mother education, wealth index, Gandaki...",0.6096405675330974,0.08097014778349035
Top 15,15,"mother education, wealth index, Gandaki...",0.609589037926684,0.07367214252070443
Top 30,30,"mother education, wealth index, Gandaki...",0.6082396592892063,0.07245402108741762
Top 25,25,"mother education, wealth index, Gandaki...",0.6073028896704494,0.07881342986584883
Top 20,20,"mother education, wealth index, Gandaki...",0.6039572919813768,0.08294603272792782
Top 5,5,"mother education, wealth index, Gandaki...",0.6005250863047105,0.060245320551766145
